{
  "config": {
    "datasets": [
      "wdbc",
      "adult",
      "covertype"
    ],
    "n_splits": 5,
    "n_estimators": 100,
    "learning_rate": 1.0,
    "random_state": 42,
    "n_jobs": 1,
    "confidence_level": 0.95,
    "alpha": 0.05,
    "adult_max_samples": 5000,
    "covertype_max_samples": 5000,
    "data_dir": "data",
    "output_dir": "results"
  },
  "datasets": {
    "Breast Cancer Wisconsin (WDBC)": {
      "name": "Breast Cancer Wisconsin (WDBC)",
      "task": "binary",
      "source": "data\\wdbc.data",
      "notes": "Downloaded UCI WDBC file; label 1 is malignant, label 0 is benign.",
      "n_samples": 569,
      "n_features": 30
    },
    "Adult Income": {
      "name": "Adult Income",
      "task": "binary_imbalanced",
      "source": "data\\adult.data; data\\adult.test",
      "notes": "Downloaded UCI Adult files; dropped rows with '?'. Rows before cleaning: 48842; rows used: 5000. Stratified sample cap: 5000.",
      "n_samples": 5000,
      "n_features": 104
    },
    "Covertype subset": {
      "name": "Covertype subset",
      "task": "multiclass",
      "source": "data\\covtype.data",
      "notes": "Downloaded UCI Covertype file; source rows: 581012; rows used: 5000. Stratified sample cap: 5000.",
      "n_samples": 5000,
      "n_features": 54
    }
  },
  "summary": {
    "Breast Cancer Wisconsin (WDBC)": {
      "AdaBoost (ours)": {
        "accuracy": {
          "mean": 0.9666200900481291,
          "std": 0.019982913402529022,
          "ci_low": 0.9418080258969853,
          "ci_high": 0.9914321541992729
        },
        "macro_precision": {
          "mean": 0.9682361977361976,
          "std": 0.019623297283488137,
          "ci_low": 0.9438706559732407,
          "ci_high": 0.9926017394991545
        },
        "macro_recall": {
          "mean": 0.9610073879972341,
          "std": 0.024678503534532173,
          "ci_low": 0.9303649786288611,
          "ci_high": 0.991649797365607
        },
        "macro_f1": {
          "mean": 0.9639401028579357,
          "std": 0.02170800437488481,
          "ci_low": 0.9369860553527914,
          "ci_high": 0.99089415036308
        },
        "roc_auc": {
          "mean": 0.9933964250619999,
          "std": 0.006942257941113389,
          "ci_low": 0.9847764733102752,
          "ci_high": 1.0
        }
      },
      "Single tree (sklearn reference only)": {
        "accuracy": {
          "mean": 0.9209284272628473,
          "std": 0.020507571659207056,
          "ci_low": 0.8954649138430261,
          "ci_high": 0.9463919406826685
        },
        "macro_precision": {
          "mean": 0.9191036758876947,
          "std": 0.017573661497863737,
          "ci_low": 0.8972830930891776,
          "ci_high": 0.9409242586862118
        },
        "macro_recall": {
          "mean": 0.9141006244183447,
          "std": 0.029290151304625638,
          "ci_low": 0.87773209804145,
          "ci_high": 0.9504691507952394
        },
        "macro_f1": {
          "mean": 0.9148392906346272,
          "std": 0.02342645865018857,
          "ci_low": 0.8857515003232789,
          "ci_high": 0.9439270809459755
        },
        "roc_auc": {
          "mean": 0.9141006244183447,
          "std": 0.02929015130462557,
          "ci_low": 0.8777320980414501,
          "ci_high": 0.9504691507952393
        }
      },
      "Random Forest, depth-1 (sklearn reference only)": {
        "accuracy": {
          "mean": 0.9191895668374477,
          "std": 0.02860325220209368,
          "ci_low": 0.8836739383465654,
          "ci_high": 0.95470519532833
        },
        "macro_precision": {
          "mean": 0.928087376501398,
          "std": 0.02098247999236413,
          "ci_low": 0.9020341865018487,
          "ci_high": 0.9541405665009474
        },
        "macro_recall": {
          "mean": 0.9030941462729867,
          "std": 0.042940938472073815,
          "ci_low": 0.8497759289231297,
          "ci_high": 0.9564123636228437
        },
        "macro_f1": {
          "mean": 0.9105731983489053,
          "std": 0.034061561636882176,
          "ci_low": 0.8682801835417902,
          "ci_high": 0.9528662131560204
        },
        "roc_auc": {
          "mean": 0.9829617021682203,
          "std": 0.007385594196234485,
          "ci_low": 0.9737912757494133,
          "ci_high": 0.9921321285870274
        }
      },
      "Random Forest, full (sklearn reference only)": {
        "accuracy": {
          "mean": 0.956078248719143,
          "std": 0.015149179928310996,
          "ci_low": 0.9372680573998482,
          "ci_high": 0.9748884400384379
        },
        "macro_precision": {
          "mean": 0.9578795349903622,
          "std": 0.013322025473042707,
          "ci_low": 0.9413380555773315,
          "ci_high": 0.9744210144033928
        },
        "macro_recall": {
          "mean": 0.949749920712908,
          "std": 0.02201774689852982,
          "ci_low": 0.9224112770674409,
          "ci_high": 0.9770885643583751
        },
        "macro_f1": {
          "mean": 0.9525402422034673,
          "std": 0.016945979543207243,
          "ci_low": 0.9314990294903694,
          "ci_high": 0.9735814549165652
        },
        "roc_auc": {
          "mean": 0.9901663750808035,
          "std": 0.008194206500083038,
          "ci_low": 0.9799919238758031,
          "ci_high": 1.0
        }
      }
    },
    "Adult Income": {
      "AdaBoost (ours)": {
        "accuracy": {
          "mean": 0.8427999999999999,
          "std": 0.014889593681494482,
          "ci_low": 0.8243121275778059,
          "ci_high": 0.8612878724221938
        },
        "macro_precision": {
          "mean": 0.8059409975638798,
          "std": 0.026481196467219997,
          "ci_low": 0.773060249281172,
          "ci_high": 0.8388217458465876
        },
        "macro_recall": {
          "mean": 0.745576932436163,
          "std": 0.019112838481475294,
          "ci_low": 0.7218452089902316,
          "ci_high": 0.7693086558820943
        },
        "macro_f1": {
          "mean": 0.7676357426348493,
          "std": 0.021588607643510335,
          "ci_low": 0.740829945752556,
          "ci_high": 0.7944415395171427
        },
        "roc_auc": {
          "mean": 0.896660814446747,
          "std": 0.00882203156164765,
          "ci_low": 0.8857068154656317,
          "ci_high": 0.9076148134278622
        }
      },
      "Single tree (sklearn reference only)": {
        "accuracy": {
          "mean": 0.7968000000000001,
          "std": 0.00920326029187484,
          "ci_low": 0.7853726430294808,
          "ci_high": 0.8082273569705193
        },
        "macro_precision": {
          "mean": 0.7277454065358977,
          "std": 0.0119391976320328,
          "ci_low": 0.7129209346687629,
          "ci_high": 0.7425698784030325
        },
        "macro_recall": {
          "mean": 0.7266531378093007,
          "std": 0.011617966368120113,
          "ci_low": 0.7122275272376639,
          "ci_high": 0.7410787483809376
        },
        "macro_f1": {
          "mean": 0.7269635142730945,
          "std": 0.011011533774329643,
          "ci_low": 0.7132908892205045,
          "ci_high": 0.7406361393256844
        },
        "roc_auc": {
          "mean": 0.7266531378093007,
          "std": 0.011617966368120115,
          "ci_low": 0.7122275272376638,
          "ci_high": 0.7410787483809377
        }
      },
      "Random Forest, depth-1 (sklearn reference only)": {
        "accuracy": {
          "mean": 0.7521999999999999,
          "std": 0.00044721359549995833,
          "ci_low": 0.7516447109789604,
          "ci_high": 0.7527552890210394
        },
        "macro_precision": {
          "mean": 0.37609999999999993,
          "std": 0.00022360679774997917,
          "ci_low": 0.3758223554894802,
          "ci_high": 0.3763776445105197
        },
        "macro_recall": {
          "mean": 0.5,
          "std": 0.0,
          "ci_low": 0.5,
          "ci_high": 0.5
        },